{
  "total_r_squared": 0.2502617708502516,
  "mean_cs_r_squared": 0.2065548297193143,
  "grs_statistic": 1.182305015657242,
  "grs_p_value": 0.26006633206056073,
  "factor1_sharpe_annual": -0.04681179015591516,
  "factor2_sharpe_annual": -0.322999249278236,
  "factor3_sharpe_annual": 0.06059115398953005
}