{
  "intermediates": {
    "nan_count": {
      "value": 8
    },
    "als_converged": {
      "value": 1
    },
    "als_iterations": {
      "value": 23
    },
    "gamma_frobenius_norm": {
      "value": 0.06321903208359721
    },
    "gamma_largest_sv": {
      "value": 0.05223934549643462
    },
    "factor_var_ratio_1": {
      "value": 0.6237017865621806
    },
    "factor_var_ratio_2": {
      "value": 0.2612930001785794
    },
    "factor_corr_12": {
      "value": -0.0012706925114757059
    },
    "mean_alpha": {
      "value": 0.0005925650983260608
    },
    "mean_abs_alpha": {
      "value": 0.0036921479650270693
    },
    "total_r_squared": {
      "value": 0.2502617708502516
    }
  }
}