{
  "total_risk_annual": 0.08576587655601173,
  "factor_risk_annual": 0.07065396229993028,
  "specific_risk_annual": 0.04861895919022819,
  "factor_risk_pct": 0.6786470776538842,
  "specific_risk_pct": 0.32135292234611573,
  "style_risk_pct": 0.042051924337036826,
  "industry_risk_pct": 0.6365951533168472
}