{
  "intermediates": {
    "nan_count": {
      "value": 15
    },
    "outliers_clipped": {
      "value": 75
    },
    "mean_factor_return_beta": {
      "value": -0.0003801409609277244
    },
    "mean_factor_return_size": {
      "value": 0.020424093271944083
    },
    "tstat_beta": {
      "value": -0.010286490865065655
    },
    "tstat_momentum": {
      "value": -1.578168345874351
    },
    "factor_cov_beta_beta": {
      "value": 0.0014126434502711466
    },
    "factor_cov_beta_size": {
      "value": -0.00025151282964775215
    },
    "mean_specific_vol_annual": {
      "value": 0.2581385291530514
    },
    "mean_abs_residual": {
      "value": 0.013032421087387419
    },
    "mean_residual_autocorr": {
      "value": 0.006717976659398846
    },
    "port_exposure_beta": {
      "value": 0.12450368227280999
    },
    "port_exposure_size": {
      "value": -0.47600777859486826
    }
  }
}